date,estimate_type,tenure,households
30 Jun 1991,as at,total,1252600
30 Sep 1991,as at,total,1256200
31 Dec 1991,as at,total,1260000
31 Mar 1992,as at,total,1264000
30 Jun 1992,as at,total,1268200
30 Sep 1992,as at,total,1271900
31 Dec 1992,as at,total,1275800
31 Mar 1993,as at,total,1279700
30 Jun 1993,as at,total,1284000
30 Sep 1993,as at,total,1287900
31 Dec 1993,as at,total,1291900
31 Mar 1994,as at,total,1296400
30 Jun 1994,as at,total,1300800
30 Sep 1994,as at,total,1305100
31 Dec 1994,as at,total,1310100
31 Mar 1995,as at,total,1315600
30 Jun 1995,as at,total,1321400
30 Sep 1995,as at,total,1326200
31 Dec 1995,as at,total,1330800
31 Mar 1996,as at,total,1335300
30 Jun 1996,as at,total,1340200
30 Sep 1996,as at,total,1344300
31 Dec 1996,as at,total,1348800
31 Mar 1997,as at,total,1352800
30 Jun 1997,as at,total,1357000
30 Sep 1997,as at,total,1360900
31 Dec 1997,as at,total,1365500
31 Mar 1998,as at,total,1370800
30 Jun 1998,as at,total,1375600
30 Sep 1998,as at,total,1379800
31 Dec 1998,as at,total,1383400
31 Mar 1999,as at,total,1387000
30 Jun 1999,as at,total,1390900
30 Sep 1999,as at,total,1395100
31 Dec 1999,as at,total,1400100
31 Mar 2000,as at,total,1405700
30 Jun 2000,as at,total,1410400
30 Sep 2000,as at,total,1414200
31 Dec 2000,as at,total,1418000
31 Mar 2001,as at,total,1421800
30 Jun 2001,as at,total,1425200
30 Sep 2001,as at,total,1429400
31 Dec 2001,as at,total,1434200
31 Mar 2002,as at,total,1439300
30 Jun 2002,as at,total,1444600
30 Sep 2002,as at,total,1449500
31 Dec 2002,as at,total,1455500
31 Mar 2003,as at,total,1462300
30 Jun 2003,as at,total,1470200
30 Sep 2003,as at,total,1476200
31 Dec 2003,as at,total,1482900
31 Mar 2004,as at,total,1490700
30 Jun 2004,as at,total,1498400
30 Sep 2004,as at,total,1506200
31 Dec 2004,as at,total,1514200
31 Mar 2005,as at,total,1520800
30 Jun 2005,as at,total,1528000
30 Sep 2005,as at,total,1534700
31 Dec 2005,as at,total,1540100
31 Mar 2006,as at,total,1546300
30 Jun 2006,as at,total,1552600
30 Sep 2006,as at,total,1557300
31 Dec 2006,as at,total,1561600
31 Mar 2007,as at,total,1566900
30 Jun 2007,as at,total,1571600
30 Sep 2007,as at,total,1576200
31 Dec 2007,as at,total,1581100
31 Mar 2008,as at,total,1586000
30 Jun 2008,as at,total,1590400
30 Sep 2008,as at,total,1594200
31 Dec 2008,as at,total,1598200
31 Mar 2009,as at,total,1601400
30 Jun 2009,as at,total,1604000
30 Sep 2009,as at,total,1606100
31 Dec 2009,as at,total,1608600
31 Mar 2010,as at,total,1611400
30 Jun 2010,as at,total,1614600
30 Sep 2010,as at,total,1617400
31 Dec 2010,as at,total,1620500
31 Mar 2011,as at,total,1623400
30 Jun 2011,as at,total,1626000
30 Sep 2011,as at,total,1628200
31 Dec 2011,as at,total,1630400
31 Mar 2012,as at,total,1633300
30 Jun 2012,as at,total,1636000
30 Sep 2012,as at,total,1638900
31 Dec 2012,as at,total,1641700
31 Mar 2013,as at,total,1645000
30 Jun 2013,as at,total,1648500
30 Sep 2013,as at,total,1653700
31 Dec 2013,as at,total,1658500
31 Mar 2014,as at,total,1664400
30 Jun 2014,as at,total,1670600
30 Sep 2014,as at,total,1677500
31 Dec 2014,as at,total,1683500
31 Mar 2015,as at,total,1690500
30 Jun 2015,as at,total,1697500
30 Sep 2015,as at,total,1705100
31 Dec 2015,as at,total,1711500
31 Mar 2016,as at,total,1718600
30 Jun 2016,as at,total,1726800
30 Sep 2016,as at,total,1735400
31 Dec 2016,as at,total,1742500
31 Mar 2017,as at,total,1751100
30 Jun 2017,as at,total,1760300
30 Sep 2017,as at,total,1769000
31 Dec 2017,as at,total,1776700
31 Mar 2018,as at,total,1785100
30 Jun 2018,as at,total,1794800
30 Sep 2018,as at,total,1801900
31 Dec 2018,as at,total,1808300
31 Mar 2019,as at,total,1816200
30 Jun 2019,as at,total,1823700
30 Sep 2019,as at,total,1831100
31 Dec 2019,as at,total,1838900
31 Mar 2020,as at,total,1847100
30 Jun 2020,as at,total,1856000
30 Sep 2020,as at,total,1864500
31 Dec 2020,as at,total,1872300
31 Mar 2021,as at,total,1880500
30 Jun 2021,as at,total,1889500
30 Sep 2021,as at,total,1899500
31 Dec 2021,as at,total,1908700
30 Jun 1991,as at,owner_occupied,922100
30 Sep 1991,as at,owner_occupied,922800
31 Dec 1991,as at,owner_occupied,923600
31 Mar 1992,as at,owner_occupied,924500
30 Jun 1992,as at,owner_occupied,925600
30 Sep 1992,as at,owner_occupied,926300
31 Dec 1992,as at,owner_occupied,927100
31 Mar 1993,as at,owner_occupied,927900
30 Jun 1993,as at,owner_occupied,929100
30 Sep 1993,as at,owner_occupied,929800
31 Dec 1993,as at,owner_occupied,930700
31 Mar 1994,as at,owner_occupied,932000
30 Jun 1994,as at,owner_occupied,933100
30 Sep 1994,as at,owner_occupied,934100
31 Dec 1994,as at,owner_occupied,935600
31 Mar 1995,as at,owner_occupied,937500
30 Jun 1995,as at,owner_occupied,939600
30 Sep 1995,as at,owner_occupied,941000
31 Dec 1995,as at,owner_occupied,942100
31 Mar 1996,as at,owner_occupied,943200
30 Jun 1996,as at,owner_occupied,944800
30 Sep 1996,as at,owner_occupied,945800
31 Dec 1996,as at,owner_occupied,947000
31 Mar 1997,as at,owner_occupied,947900
30 Jun 1997,as at,owner_occupied,948900
30 Sep 1997,as at,owner_occupied,949700
31 Dec 1997,as at,owner_occupied,950900
31 Mar 1998,as at,owner_occupied,952600
30 Jun 1998,as at,owner_occupied,954000
30 Sep 1998,as at,owner_occupied,955000
31 Dec 1998,as at,owner_occupied,955400
31 Mar 1999,as at,owner_occupied,955900
30 Jun 1999,as at,owner_occupied,956700
30 Sep 1999,as at,owner_occupied,957600
31 Dec 1999,as at,owner_occupied,959000
31 Mar 2000,as at,owner_occupied,960800
30 Jun 2000,as at,owner_occupied,962000
30 Sep 2000,as at,owner_occupied,962600
31 Dec 2000,as at,owner_occupied,963100
31 Mar 2001,as at,owner_occupied,964100
30 Jun 2001,as at,owner_occupied,965700
30 Sep 2001,as at,owner_occupied,967900
31 Dec 2001,as at,owner_occupied,970400
31 Mar 2002,as at,owner_occupied,973200
30 Jun 2002,as at,owner_occupied,976000
30 Sep 2002,as at,owner_occupied,978700
31 Dec 2002,as at,owner_occupied,982000
31 Mar 2003,as at,owner_occupied,985900
30 Jun 2003,as at,owner_occupied,990600
30 Sep 2003,as at,owner_occupied,993900
31 Dec 2003,as at,owner_occupied,997700
31 Mar 2004,as at,owner_occupied,1002200
30 Jun 2004,as at,owner_occupied,1006700
30 Sep 2004,as at,owner_occupied,1011200
31 Dec 2004,as at,owner_occupied,1015800
31 Mar 2005,as at,owner_occupied,1019500
30 Jun 2005,as at,owner_occupied,1023700
30 Sep 2005,as at,owner_occupied,1027400
31 Dec 2005,as at,owner_occupied,1030300
31 Mar 2006,as at,owner_occupied,1033900
30 Jun 2006,as at,owner_occupied,1036600
30 Sep 2006,as at,owner_occupied,1038600
31 Dec 2006,as at,owner_occupied,1040300
31 Mar 2007,as at,owner_occupied,1042600
30 Jun 2007,as at,owner_occupied,1044600
30 Sep 2007,as at,owner_occupied,1046400
31 Dec 2007,as at,owner_occupied,1048500
31 Mar 2008,as at,owner_occupied,1050500
30 Jun 2008,as at,owner_occupied,1052300
30 Sep 2008,as at,owner_occupied,1053600
31 Dec 2008,as at,owner_occupied,1055000
31 Mar 2009,as at,owner_occupied,1055900
30 Jun 2009,as at,owner_occupied,1056400
30 Sep 2009,as at,owner_occupied,1056600
31 Dec 2009,as at,owner_occupied,1057000
31 Mar 2010,as at,owner_occupied,1057600
30 Jun 2010,as at,owner_occupied,1058500
30 Sep 2010,as at,owner_occupied,1059100
31 Dec 2010,as at,owner_occupied,1059900
31 Mar 2011,as at,owner_occupied,1060600
30 Jun 2011,as at,owner_occupied,1061100
30 Sep 2011,as at,owner_occupied,1061300
31 Dec 2011,as at,owner_occupied,1061500
31 Mar 2012,as at,owner_occupied,1062100
30 Jun 2012,as at,owner_occupied,1062700
30 Sep 2012,as at,owner_occupied,1063300
31 Dec 2012,as at,owner_occupied,1063900
31 Mar 2013,as at,owner_occupied,1064700
30 Jun 2013,as at,owner_occupied,1064000
30 Sep 2013,as at,owner_occupied,1067300
31 Dec 2013,as at,owner_occupied,1070500
31 Mar 2014,as at,owner_occupied,1074300
30 Jun 2014,as at,owner_occupied,1078200
30 Sep 2014,as at,owner_occupied,1082700
31 Dec 2014,as at,owner_occupied,1086600
31 Mar 2015,as at,owner_occupied,1091100
30 Jun 2015,as at,owner_occupied,1095600
30 Sep 2015,as at,owner_occupied,1100500
31 Dec 2015,as at,owner_occupied,1104600
31 Mar 2016,as at,owner_occupied,1109200
30 Jun 2016,as at,owner_occupied,1114500
30 Sep 2016,as at,owner_occupied,1120100
31 Dec 2016,as at,owner_occupied,1124700
31 Mar 2017,as at,owner_occupied,1130200
30 Jun 2017,as at,owner_occupied,1136100
30 Sep 2017,as at,owner_occupied,1141800
31 Dec 2017,as at,owner_occupied,1146800
31 Mar 2018,as at,owner_occupied,1152100
30 Jun 2018,as at,owner_occupied,1158400
30 Sep 2018,as at,owner_occupied,1163000
31 Dec 2018,as at,owner_occupied,1167100
31 Mar 2019,as at,owner_occupied,1172200
30 Jun 2019,as at,owner_occupied,1177000
30 Sep 2019,as at,owner_occupied,1181900
31 Dec 2019,as at,owner_occupied,1186900
31 Mar 2020,as at,owner_occupied,1192200
30 Jun 2020,as at,owner_occupied,1197900
30 Sep 2020,as at,owner_occupied,1203400
31 Dec 2020,as at,owner_occupied,1208400
31 Mar 2021,as at,owner_occupied,1213700
30 Jun 2021,as at,owner_occupied,1219500
30 Sep 2021,as at,owner_occupied,1226000
31 Dec 2021,as at,owner_occupied,1231900
30 Jun 1991,as at,rented,288700
30 Sep 1991,as at,rented,291100
31 Dec 1991,as at,rented,293600
31 Mar 1992,as at,rented,296000
30 Jun 1992,as at,rented,298600
30 Sep 1992,as at,rented,301000
31 Dec 1992,as at,rented,303500
31 Mar 1993,as at,rented,306000
30 Jun 1993,as at,rented,308600
30 Sep 1993,as at,rented,311100
31 Dec 1993,as at,rented,313700
31 Mar 1994,as at,rented,316400
30 Jun 1994,as at,rented,319000
30 Sep 1994,as at,rented,321700
31 Dec 1994,as at,rented,324500
31 Mar 1995,as at,rented,327500
30 Jun 1995,as at,rented,330600
30 Sep 1995,as at,rented,333400
31 Dec 1995,as at,rented,336200
31 Mar 1996,as at,rented,339200
30 Jun 1996,as at,rented,342900
30 Sep 1996,as at,rented,346500
31 Dec 1996,as at,rented,350200
31 Mar 1997,as at,rented,353700
30 Jun 1997,as at,rented,357300
30 Sep 1997,as at,rented,360900
31 Dec 1997,as at,rented,364600
31 Mar 1998,as at,rented,368500
30 Jun 1998,as at,rented,372400
30 Sep 1998,as at,rented,376100
31 Dec 1998,as at,rented,379600
31 Mar 1999,as at,rented,383100
30 Jun 1999,as at,rented,386800
30 Sep 1999,as at,rented,390600
31 Dec 1999,as at,rented,394600
31 Mar 2000,as at,rented,398800
30 Jun 2000,as at,rented,402700
30 Sep 2000,as at,rented,406400
31 Dec 2000,as at,rented,410100
31 Mar 2001,as at,rented,413100
30 Jun 2001,as at,rented,413900
30 Sep 2001,as at,rented,415000
31 Dec 2001,as at,rented,416300
31 Mar 2002,as at,rented,417600
30 Jun 2002,as at,rented,419000
30 Sep 2002,as at,rented,420300
31 Dec 2002,as at,rented,421900
31 Mar 2003,as at,rented,423800
30 Jun 2003,as at,rented,425900
30 Sep 2003,as at,rented,427500
31 Dec 2003,as at,rented,429300
31 Mar 2004,as at,rented,431500
30 Jun 2004,as at,rented,433600
30 Sep 2004,as at,rented,435700
31 Dec 2004,as at,rented,437900
31 Mar 2005,as at,rented,439600
30 Jun 2005,as at,rented,441600
30 Sep 2005,as at,rented,443400
31 Dec 2005,as at,rented,444800
31 Mar 2006,as at,rented,446500
30 Jun 2006,as at,rented,450100
30 Sep 2006,as at,rented,453000
31 Dec 2006,as at,rented,455700
31 Mar 2007,as at,rented,458700
30 Jun 2007,as at,rented,461500
30 Sep 2007,as at,rented,464400
31 Dec 2007,as at,rented,467300
31 Mar 2008,as at,rented,470200
30 Jun 2008,as at,rented,473000
30 Sep 2008,as at,rented,475700
31 Dec 2008,as at,rented,478400
31 Mar 2009,as at,rented,480800
30 Jun 2009,as at,rented,483100
30 Sep 2009,as at,rented,485300
31 Dec 2009,as at,rented,487500
31 Mar 2010,as at,rented,489900
30 Jun 2010,as at,rented,492400
30 Sep 2010,as at,rented,494800
31 Dec 2010,as at,rented,497200
31 Mar 2011,as at,rented,499600
30 Jun 2011,as at,rented,502000
30 Sep 2011,as at,rented,504200
31 Dec 2011,as at,rented,506400
31 Mar 2012,as at,rented,508800
30 Jun 2012,as at,rented,511200
30 Sep 2012,as at,rented,513700
31 Dec 2012,as at,rented,516100
31 Mar 2013,as at,rented,518700
30 Jun 2013,as at,rented,528000
30 Sep 2013,as at,rented,529700
31 Dec 2013,as at,rented,531200
31 Mar 2014,as at,rented,533100
30 Jun 2014,as at,rented,535100
30 Sep 2014,as at,rented,537300
31 Dec 2014,as at,rented,539200
31 Mar 2015,as at,rented,541500
30 Jun 2015,as at,rented,543700
30 Sep 2015,as at,rented,546100
31 Dec 2015,as at,rented,548200
31 Mar 2016,as at,rented,550500
30 Jun 2016,as at,rented,553100
30 Sep 2016,as at,rented,555900
31 Dec 2016,as at,rented,558100
31 Mar 2017,as at,rented,560900
30 Jun 2017,as at,rented,563800
30 Sep 2017,as at,rented,566600
31 Dec 2017,as at,rented,569100
31 Mar 2018,as at,rented,571800
30 Jun 2018,as at,rented,574900
30 Sep 2018,as at,rented,577100
31 Dec 2018,as at,rented,579200
31 Mar 2019,as at,rented,581700
30 Jun 2019,as at,rented,584100
30 Sep 2019,as at,rented,586500
31 Dec 2019,as at,rented,589000
31 Mar 2020,as at,rented,591600
30 Jun 2020,as at,rented,594500
30 Sep 2020,as at,rented,597200
31 Dec 2020,as at,rented,599700
31 Mar 2021,as at,rented,602300
30 Jun 2021,as at,rented,605200
30 Sep 2021,as at,rented,608400
31 Dec 2021,as at,rented,611400
30 Jun 1991,as at,free,41800
30 Sep 1991,as at,free,42300
31 Dec 1991,as at,free,42900
31 Mar 1992,as at,free,43500
30 Jun 1992,as at,free,44000
30 Sep 1992,as at,free,44600
31 Dec 1992,as at,free,45200
31 Mar 1993,as at,free,45700
30 Jun 1993,as at,free,46300
30 Sep 1993,as at,free,46900
31 Dec 1993,as at,free,47500
31 Mar 1994,as at,free,48100
30 Jun 1994,as at,free,48700
30 Sep 1994,as at,free,49300
31 Dec 1994,as at,free,49900
31 Mar 1995,as at,free,50500
30 Jun 1995,as at,free,51200
30 Sep 1995,as at,free,51900
31 Dec 1995,as at,free,52500
31 Mar 1996,as at,free,52800
30 Jun 1996,as at,free,52500
30 Sep 1996,as at,free,52000
31 Dec 1996,as at,free,51600
31 Mar 1997,as at,free,51200
30 Jun 1997,as at,free,50800
30 Sep 1997,as at,free,50400
31 Dec 1997,as at,free,50000
31 Mar 1998,as at,free,49600
30 Jun 1998,as at,free,49200
30 Sep 1998,as at,free,48800
31 Dec 1998,as at,free,48300
31 Mar 1999,as at,free,47900
30 Jun 1999,as at,free,47400
30 Sep 1999,as at,free,47000
31 Dec 1999,as at,free,46500
31 Mar 2000,as at,free,46100
30 Jun 2000,as at,free,45700
30 Sep 2000,as at,free,45200
31 Dec 2000,as at,free,44700
31 Mar 2001,as at,free,44700
30 Jun 2001,as at,free,45600
30 Sep 2001,as at,free,46500
31 Dec 2001,as at,free,47500
31 Mar 2002,as at,free,48500
30 Jun 2002,as at,free,49500
30 Sep 2002,as at,free,50500
31 Dec 2002,as at,free,51500
31 Mar 2003,as at,free,52600
30 Jun 2003,as at,free,53700
30 Sep 2003,as at,free,54800
31 Dec 2003,as at,free,55900
31 Mar 2004,as at,free,57000
30 Jun 2004,as at,free,58200
30 Sep 2004,as at,free,59300
31 Dec 2004,as at,free,60500
31 Mar 2005,as at,free,61600
30 Jun 2005,as at,free,62800
30 Sep 2005,as at,free,64000
31 Dec 2005,as at,free,65100
31 Mar 2006,as at,free,66000
30 Jun 2006,as at,free,65900
30 Sep 2006,as at,free,65800
31 Dec 2006,as at,free,65700
31 Mar 2007,as at,free,65600
30 Jun 2007,as at,free,65500
30 Sep 2007,as at,free,65400
31 Dec 2007,as at,free,65300
31 Mar 2008,as at,free,65200
30 Jun 2008,as at,free,65100
30 Sep 2008,as at,free,65000
31 Dec 2008,as at,free,64800
31 Mar 2009,as at,free,64700
30 Jun 2009,as at,free,64500
30 Sep 2009,as at,free,64300
31 Dec 2009,as at,free,64100
31 Mar 2010,as at,free,63900
30 Jun 2010,as at,free,63700
30 Sep 2010,as at,free,63500
31 Dec 2010,as at,free,63300
31 Mar 2011,as at,free,63100
30 Jun 2011,as at,free,62900
30 Sep 2011,as at,free,62700
31 Dec 2011,as at,free,62500
31 Mar 2012,as at,free,62300
30 Jun 2012,as at,free,62100
30 Sep 2012,as at,free,61900
31 Dec 2012,as at,free,61700
31 Mar 2013,as at,free,61600
30 Jun 2013,as at,free,56500
30 Sep 2013,as at,free,56700
31 Dec 2013,as at,free,56800
31 Mar 2014,as at,free,57000
30 Jun 2014,as at,free,57200
30 Sep 2014,as at,free,57500
31 Dec 2014,as at,free,57700
31 Mar 2015,as at,free,57900
30 Jun 2015,as at,free,58200
30 Sep 2015,as at,free,58400
31 Dec 2015,as at,free,58600
31 Mar 2016,as at,free,58900
30 Jun 2016,as at,free,59200
30 Sep 2016,as at,free,59500
31 Dec 2016,as at,free,59700
31 Mar 2017,as at,free,60000
30 Jun 2017,as at,free,60300
30 Sep 2017,as at,free,60600
31 Dec 2017,as at,free,60900
31 Mar 2018,as at,free,61200
30 Jun 2018,as at,free,61500
30 Sep 2018,as at,free,61700
31 Dec 2018,as at,free,62000
31 Mar 2019,as at,free,62200
30 Jun 2019,as at,free,62500
30 Sep 2019,as at,free,62700
31 Dec 2019,as at,free,63000
31 Mar 2020,as at,free,63300
30 Jun 2020,as at,free,63600
30 Sep 2020,as at,free,63900
31 Dec 2020,as at,free,64200
31 Mar 2021,as at,free,64400
30 Jun 2021,as at,free,64700
30 Sep 2021,as at,free,65100
31 Dec 2021,as at,free,65400
30 Jun 1991,mean year ended,total,NA
30 Sep 1991,mean year ended,total,NA
31 Dec 1991,mean year ended,total,NA
31 Mar 1992,mean year ended,total,NA
30 Jun 1992,mean year ended,total,1260200
30 Sep 1992,mean year ended,total,1264100
31 Dec 1992,mean year ended,total,1268000
31 Mar 1993,mean year ended,total,1271900
30 Jun 1993,mean year ended,total,1275900
30 Sep 1993,mean year ended,total,1279800
31 Dec 1993,mean year ended,total,1283800
31 Mar 1994,mean year ended,total,1288000
30 Jun 1994,mean year ended,total,1292100
30 Sep 1994,mean year ended,total,1296400
31 Dec 1994,mean year ended,total,1300800
31 Mar 1995,mean year ended,total,1305500
30 Jun 1995,mean year ended,total,1310500
30 Sep 1995,mean year ended,total,1315700
31 Dec 1995,mean year ended,total,1320900
31 Mar 1996,mean year ended,total,1326000
30 Jun 1996,mean year ended,total,1330800
30 Sep 1996,mean year ended,total,1335400
31 Dec 1996,mean year ended,total,1339900
31 Mar 1997,mean year ended,total,1344300
30 Jun 1997,mean year ended,total,1348600
30 Sep 1997,mean year ended,total,1352800
31 Dec 1997,mean year ended,total,1357000
31 Mar 1998,mean year ended,total,1361300
30 Jun 1998,mean year ended,total,1365900
30 Sep 1998,mean year ended,total,1370600
31 Dec 1998,mean year ended,total,1375200
31 Mar 1999,mean year ended,total,1379400
30 Jun 1999,mean year ended,total,1383300
30 Sep 1999,mean year ended,total,1387200
31 Dec 1999,mean year ended,total,1391200
31 Mar 2000,mean year ended,total,1395600
30 Jun 2000,mean year ended,total,1400400
30 Sep 2000,mean year ended,total,1405200
31 Dec 2000,mean year ended,total,1409800
31 Mar 2001,mean year ended,total,1414100
30 Jun 2001,mean year ended,total,1417900
30 Sep 2001,mean year ended,total,1421700
31 Dec 2001,mean year ended,total,1425600
31 Mar 2002,mean year ended,total,1429800
30 Jun 2002,mean year ended,total,1434500
30 Sep 2002,mean year ended,total,1439400
31 Dec 2002,mean year ended,total,1444500
31 Mar 2003,mean year ended,total,1450100
30 Jun 2003,mean year ended,total,1456200
30 Sep 2003,mean year ended,total,1462700
31 Dec 2003,mean year ended,total,1469500
31 Mar 2004,mean year ended,total,1476400
30 Jun 2004,mean year ended,total,1483500
30 Sep 2004,mean year ended,total,1490800
31 Dec 2004,mean year ended,total,1498500
31 Mar 2005,mean year ended,total,1506100
30 Jun 2005,mean year ended,total,1513600
30 Sep 2005,mean year ended,total,1520900
31 Dec 2005,mean year ended,total,1527700
31 Mar 2006,mean year ended,total,1534100
30 Jun 2006,mean year ended,total,1540400
30 Sep 2006,mean year ended,total,1546300
31 Dec 2006,mean year ended,total,1551800
31 Mar 2007,mean year ended,total,1557000
30 Jun 2007,mean year ended,total,1562000
30 Sep 2007,mean year ended,total,1566700
31 Dec 2007,mean year ended,total,1571500
31 Mar 2008,mean year ended,total,1576300
30 Jun 2008,mean year ended,total,1581100
30 Sep 2008,mean year ended,total,1585700
31 Dec 2008,mean year ended,total,1590100
31 Mar 2009,mean year ended,total,1594100
30 Jun 2009,mean year ended,total,1597800
30 Sep 2009,mean year ended,total,1600900
31 Dec 2009,mean year ended,total,1603700
31 Mar 2010,mean year ended,total,1606300
30 Jun 2010,mean year ended,total,1608900
30 Sep 2010,mean year ended,total,1611600
31 Dec 2010,mean year ended,total,1614500
31 Mar 2011,mean year ended,total,1617500
30 Jun 2011,mean year ended,total,1620400
30 Sep 2011,mean year ended,total,1623200
31 Dec 2011,mean year ended,total,1625700
31 Mar 2012,mean year ended,total,1628200
30 Jun 2012,mean year ended,total,1630700
30 Sep 2012,mean year ended,total,1633300
31 Dec 2012,mean year ended,total,1636100
31 Mar 2013,mean year ended,total,1638900
30 Jun 2013,mean year ended,total,1642000
30 Sep 2013,mean year ended,total,1645400
31 Dec 2013,mean year ended,total,1649300
31 Mar 2014,mean year ended,total,1653800
30 Jun 2014,mean year ended,total,1659000
30 Sep 2014,mean year ended,total,1664800
31 Dec 2014,mean year ended,total,1670900
31 Mar 2015,mean year ended,total,1677200
30 Jun 2015,mean year ended,total,1683900
30 Sep 2015,mean year ended,total,1690700
31 Dec 2015,mean year ended,total,1697600
31 Mar 2016,mean year ended,total,1704600
30 Jun 2016,mean year ended,total,1711800
30 Sep 2016,mean year ended,total,1719300
31 Dec 2016,mean year ended,total,1726900
31 Mar 2017,mean year ended,total,1734900
30 Jun 2017,mean year ended,total,1743100
30 Sep 2017,mean year ended,total,1751500
31 Dec 2017,mean year ended,total,1760000
31 Mar 2018,mean year ended,total,1768500
30 Jun 2018,mean year ended,total,1777100
30 Sep 2018,mean year ended,total,1785500
31 Dec 2018,mean year ended,total,1793600
31 Mar 2019,mean year ended,total,1801400
30 Jun 2019,mean year ended,total,1808900
30 Sep 2019,mean year ended,total,1816200
31 Dec 2019,mean year ended,total,1823700
31 Mar 2020,mean year ended,total,1831400
30 Jun 2020,mean year ended,total,1839300
30 Sep 2020,mean year ended,total,1847500
31 Dec 2020,mean year ended,total,1855800
31 Mar 2021,mean year ended,total,1864200
30 Jun 2021,mean year ended,total,1872500
30 Sep 2021,mean year ended,total,1881100
31 Dec 2021,mean year ended,total,1890000
30 Jun 1991,mean year ended,owner_occupied,NA
30 Sep 1991,mean year ended,owner_occupied,NA
31 Dec 1991,mean year ended,owner_occupied,NA
31 Mar 1992,mean year ended,owner_occupied,NA
30 Jun 1992,mean year ended,owner_occupied,923700
30 Sep 1992,mean year ended,owner_occupied,924600
31 Dec 1992,mean year ended,owner_occupied,925400
31 Mar 1993,mean year ended,owner_occupied,926300
30 Jun 1993,mean year ended,owner_occupied,927200
30 Sep 1993,mean year ended,owner_occupied,928100
31 Dec 1993,mean year ended,owner_occupied,929000
31 Mar 1994,mean year ended,owner_occupied,929900
30 Jun 1994,mean year ended,owner_occupied,930900
30 Sep 1994,mean year ended,owner_occupied,931900
31 Dec 1994,mean year ended,owner_occupied,933100
31 Mar 1995,mean year ended,owner_occupied,934400
30 Jun 1995,mean year ended,owner_occupied,935900
30 Sep 1995,mean year ended,owner_occupied,937600
31 Dec 1995,mean year ended,owner_occupied,939200
31 Mar 1996,mean year ended,owner_occupied,940800
30 Jun 1996,mean year ended,owner_occupied,942100
30 Sep 1996,mean year ended,owner_occupied,943400
31 Dec 1996,mean year ended,owner_occupied,944600
31 Mar 1997,mean year ended,owner_occupied,945800
30 Jun 1997,mean year ended,owner_occupied,946900
30 Sep 1997,mean year ended,owner_occupied,947900
31 Dec 1997,mean year ended,owner_occupied,948800
31 Mar 1998,mean year ended,owner_occupied,949900
30 Jun 1998,mean year ended,owner_occupied,951200
30 Sep 1998,mean year ended,owner_occupied,952500
31 Dec 1998,mean year ended,owner_occupied,953700
31 Mar 1999,mean year ended,owner_occupied,954700
30 Jun 1999,mean year ended,owner_occupied,955400
30 Sep 1999,mean year ended,owner_occupied,956100
31 Dec 1999,mean year ended,owner_occupied,956900
31 Mar 2000,mean year ended,owner_occupied,957900
30 Jun 2000,mean year ended,owner_occupied,959200
30 Sep 2000,mean year ended,owner_occupied,960500
31 Dec 2000,mean year ended,owner_occupied,961600
31 Mar 2001,mean year ended,owner_occupied,962500
30 Jun 2001,mean year ended,owner_occupied,963400
30 Sep 2001,mean year ended,owner_occupied,964500
31 Dec 2001,mean year ended,owner_occupied,966100
31 Mar 2002,mean year ended,owner_occupied,968100
30 Jun 2002,mean year ended,owner_occupied,970600
30 Sep 2002,mean year ended,owner_occupied,973200
31 Dec 2002,mean year ended,owner_occupied,976000
31 Mar 2003,mean year ended,owner_occupied,979100
30 Jun 2003,mean year ended,owner_occupied,982500
30 Sep 2003,mean year ended,owner_occupied,986200
31 Dec 2003,mean year ended,owner_occupied,990000
31 Mar 2004,mean year ended,owner_occupied,994000
30 Jun 2004,mean year ended,owner_occupied,998100
30 Sep 2004,mean year ended,owner_occupied,1002300
31 Dec 2004,mean year ended,owner_occupied,1006700
31 Mar 2005,mean year ended,owner_occupied,1011100
30 Jun 2005,mean year ended,owner_occupied,1015400
30 Sep 2005,mean year ended,owner_occupied,1019600
31 Dec 2005,mean year ended,owner_occupied,1023400
31 Mar 2006,mean year ended,owner_occupied,1027000
30 Jun 2006,mean year ended,owner_occupied,1030400
30 Sep 2006,mean year ended,owner_occupied,1033400
31 Dec 2006,mean year ended,owner_occupied,1036100
31 Mar 2007,mean year ended,owner_occupied,1038400
30 Jun 2007,mean year ended,owner_occupied,1040500
30 Sep 2007,mean year ended,owner_occupied,1042500
31 Dec 2007,mean year ended,owner_occupied,1044500
31 Mar 2008,mean year ended,owner_occupied,1046500
30 Jun 2008,mean year ended,owner_occupied,1048500
30 Sep 2008,mean year ended,owner_occupied,1050300
31 Dec 2008,mean year ended,owner_occupied,1052000
31 Mar 2009,mean year ended,owner_occupied,1053500
30 Jun 2009,mean year ended,owner_occupied,1054700
30 Sep 2009,mean year ended,owner_occupied,1055600
31 Dec 2009,mean year ended,owner_occupied,1056200
31 Mar 2010,mean year ended,owner_occupied,1056700
30 Jun 2010,mean year ended,owner_occupied,1057200
30 Sep 2010,mean year ended,owner_occupied,1057800
31 Dec 2010,mean year ended,owner_occupied,1058400
31 Mar 2011,mean year ended,owner_occupied,1059200
30 Jun 2011,mean year ended,owner_occupied,1059900
30 Sep 2011,mean year ended,owner_occupied,1060500
31 Dec 2011,mean year ended,owner_occupied,1060900
31 Mar 2012,mean year ended,owner_occupied,1061300
30 Jun 2012,mean year ended,owner_occupied,1061700
30 Sep 2012,mean year ended,owner_occupied,1062200
31 Dec 2012,mean year ended,owner_occupied,1062700
31 Mar 2013,mean year ended,owner_occupied,1063300
30 Jun 2013,mean year ended,owner_occupied,1063800
30 Sep 2013,mean year ended,owner_occupied,1064500
31 Dec 2013,mean year ended,owner_occupied,1065800
31 Mar 2014,mean year ended,owner_occupied,1067800
30 Jun 2014,mean year ended,owner_occupied,1070800
30 Sep 2014,mean year ended,owner_occupied,1074500
31 Dec 2014,mean year ended,owner_occupied,1078400
31 Mar 2015,mean year ended,owner_occupied,1082500
30 Jun 2015,mean year ended,owner_occupied,1086800
30 Sep 2015,mean year ended,owner_occupied,1091200
31 Dec 2015,mean year ended,owner_occupied,1095700
31 Mar 2016,mean year ended,owner_occupied,1100200
30 Jun 2016,mean year ended,owner_occupied,1104900
30 Sep 2016,mean year ended,owner_occupied,1109700
31 Dec 2016,mean year ended,owner_occupied,1114600
31 Mar 2017,mean year ended,owner_occupied,1119700
30 Jun 2017,mean year ended,owner_occupied,1125100
30 Sep 2017,mean year ended,owner_occupied,1130500
31 Dec 2017,mean year ended,owner_occupied,1135900
31 Mar 2018,mean year ended,owner_occupied,1141500
30 Jun 2018,mean year ended,owner_occupied,1147000
30 Sep 2018,mean year ended,owner_occupied,1152400
31 Dec 2018,mean year ended,owner_occupied,1157600
31 Mar 2019,mean year ended,owner_occupied,1162700
30 Jun 2019,mean year ended,owner_occupied,1167500
30 Sep 2019,mean year ended,owner_occupied,1172200
31 Dec 2019,mean year ended,owner_occupied,1177000
31 Mar 2020,mean year ended,owner_occupied,1182000
30 Jun 2020,mean year ended,owner_occupied,1187100
30 Sep 2020,mean year ended,owner_occupied,1192400
31 Dec 2020,mean year ended,owner_occupied,1197800
31 Mar 2021,mean year ended,owner_occupied,1203200
30 Jun 2021,mean year ended,owner_occupied,1208600
30 Sep 2021,mean year ended,owner_occupied,1214100
31 Dec 2021,mean year ended,owner_occupied,1219900
30 Jun 1991,mean year ended,rented,NA
30 Sep 1991,mean year ended,rented,NA
31 Dec 1991,mean year ended,rented,NA
31 Mar 1992,mean year ended,rented,NA
30 Jun 1992,mean year ended,rented,293600
30 Sep 1992,mean year ended,rented,296100
31 Dec 1992,mean year ended,rented,298500
31 Mar 1993,mean year ended,rented,301000
30 Jun 1993,mean year ended,rented,303500
30 Sep 1993,mean year ended,rented,306000
31 Dec 1993,mean year ended,rented,308600
31 Mar 1994,mean year ended,rented,311100
30 Jun 1994,mean year ended,rented,313700
30 Sep 1994,mean year ended,rented,316400
31 Dec 1994,mean year ended,rented,319000
31 Mar 1995,mean year ended,rented,321800
30 Jun 1995,mean year ended,rented,324600
30 Sep 1995,mean year ended,rented,327500
31 Dec 1995,mean year ended,rented,330500
31 Mar 1996,mean year ended,rented,333400
30 Jun 1996,mean year ended,rented,336400
30 Sep 1996,mean year ended,rented,339600
31 Dec 1996,mean year ended,rented,343000
31 Mar 1997,mean year ended,rented,346500
30 Jun 1997,mean year ended,rented,350100
30 Sep 1997,mean year ended,rented,353700
31 Dec 1997,mean year ended,rented,357300
31 Mar 1998,mean year ended,rented,361000
30 Jun 1998,mean year ended,rented,364700
30 Sep 1998,mean year ended,rented,368500
31 Dec 1998,mean year ended,rented,372300
31 Mar 1999,mean year ended,rented,376000
30 Jun 1999,mean year ended,rented,379600
30 Sep 1999,mean year ended,rented,383200
31 Dec 1999,mean year ended,rented,386900
31 Mar 2000,mean year ended,rented,390700
30 Jun 2000,mean year ended,rented,394700
30 Sep 2000,mean year ended,rented,398600
31 Dec 2000,mean year ended,rented,402500
31 Mar 2001,mean year ended,rented,406300
30 Jun 2001,mean year ended,rented,409500
30 Sep 2001,mean year ended,rented,412000
31 Dec 2001,mean year ended,rented,413800
31 Mar 2002,mean year ended,rented,415200
30 Jun 2002,mean year ended,rented,416400
30 Sep 2002,mean year ended,rented,417700
31 Dec 2002,mean year ended,rented,419000
31 Mar 2003,mean year ended,rented,420500
30 Jun 2003,mean year ended,rented,422100
30 Sep 2003,mean year ended,rented,423900
31 Dec 2003,mean year ended,rented,425700
31 Mar 2004,mean year ended,rented,427600
30 Jun 2004,mean year ended,rented,429500
30 Sep 2004,mean year ended,rented,431500
31 Dec 2004,mean year ended,rented,433600
31 Mar 2005,mean year ended,rented,435700
30 Jun 2005,mean year ended,rented,437700
30 Sep 2005,mean year ended,rented,439600
31 Dec 2005,mean year ended,rented,441500
31 Mar 2006,mean year ended,rented,443200
30 Jun 2006,mean year ended,rented,445100
30 Sep 2006,mean year ended,rented,447400
31 Dec 2006,mean year ended,rented,449900
31 Mar 2007,mean year ended,rented,452800
30 Jun 2007,mean year ended,rented,455800
30 Sep 2007,mean year ended,rented,458600
31 Dec 2007,mean year ended,rented,461500
31 Mar 2008,mean year ended,rented,464400
30 Jun 2008,mean year ended,rented,467300
30 Sep 2008,mean year ended,rented,470200
31 Dec 2008,mean year ended,rented,473000
31 Mar 2009,mean year ended,rented,475700
30 Jun 2009,mean year ended,rented,478200
30 Sep 2009,mean year ended,rented,480700
31 Dec 2009,mean year ended,rented,483000
31 Mar 2010,mean year ended,rented,485300
30 Jun 2010,mean year ended,rented,487600
30 Sep 2010,mean year ended,rented,489900
31 Dec 2010,mean year ended,rented,492300
31 Mar 2011,mean year ended,rented,494800
30 Jun 2011,mean year ended,rented,497200
30 Sep 2011,mean year ended,rented,499600
31 Dec 2011,mean year ended,rented,501900
31 Mar 2012,mean year ended,rented,504200
30 Jun 2012,mean year ended,rented,506500
30 Sep 2012,mean year ended,rented,508800
31 Dec 2012,mean year ended,rented,511200
31 Mar 2013,mean year ended,rented,513700
30 Jun 2013,mean year ended,rented,517000
30 Sep 2013,mean year ended,rented,521100
31 Dec 2013,mean year ended,rented,525000
31 Mar 2014,mean year ended,rented,528700
30 Jun 2014,mean year ended,rented,531400
30 Sep 2014,mean year ended,rented,533200
31 Dec 2014,mean year ended,rented,535200
31 Mar 2015,mean year ended,rented,537200
30 Jun 2015,mean year ended,rented,539400
30 Sep 2015,mean year ended,rented,541500
31 Dec 2015,mean year ended,rented,543800
31 Mar 2016,mean year ended,rented,546000
30 Jun 2016,mean year ended,rented,548300
30 Sep 2016,mean year ended,rented,550700
31 Dec 2016,mean year ended,rented,553100
31 Mar 2017,mean year ended,rented,555700
30 Jun 2017,mean year ended,rented,558300
30 Sep 2017,mean year ended,rented,561000
31 Dec 2017,mean year ended,rented,563700
31 Mar 2018,mean year ended,rented,566500
30 Jun 2018,mean year ended,rented,569200
30 Sep 2018,mean year ended,rented,571900
31 Dec 2018,mean year ended,rented,574500
31 Mar 2019,mean year ended,rented,577000
30 Jun 2019,mean year ended,rented,579400
30 Sep 2019,mean year ended,rented,581700
31 Dec 2019,mean year ended,rented,584100
31 Mar 2020,mean year ended,rented,586600
30 Jun 2020,mean year ended,rented,589100
30 Sep 2020,mean year ended,rented,591800
31 Dec 2020,mean year ended,rented,594400
31 Mar 2021,mean year ended,rented,597100
30 Jun 2021,mean year ended,rented,599800
30 Sep 2021,mean year ended,rented,602500
31 Dec 2021,mean year ended,rented,605400
30 Jun 1991,mean year ended,free,NA
30 Sep 1991,mean year ended,free,NA
31 Dec 1991,mean year ended,free,NA
31 Mar 1992,mean year ended,free,NA
30 Jun 1992,mean year ended,free,42900
30 Sep 1992,mean year ended,free,43500
31 Dec 1992,mean year ended,free,44000
31 Mar 1993,mean year ended,free,44600
30 Jun 1993,mean year ended,free,45200
30 Sep 1993,mean year ended,free,45700
31 Dec 1993,mean year ended,free,46300
31 Mar 1994,mean year ended,free,46900
30 Jun 1994,mean year ended,free,47500
30 Sep 1994,mean year ended,free,48100
31 Dec 1994,mean year ended,free,48700
31 Mar 1995,mean year ended,free,49300
30 Jun 1995,mean year ended,free,49900
30 Sep 1995,mean year ended,free,50600
31 Dec 1995,mean year ended,free,51200
31 Mar 1996,mean year ended,free,51800
30 Jun 1996,mean year ended,free,52200
30 Sep 1996,mean year ended,free,52400
31 Dec 1996,mean year ended,free,52300
31 Mar 1997,mean year ended,free,52000
30 Jun 1997,mean year ended,free,51600
30 Sep 1997,mean year ended,free,51200
31 Dec 1997,mean year ended,free,50800
31 Mar 1998,mean year ended,free,50400
30 Jun 1998,mean year ended,free,50000
30 Sep 1998,mean year ended,free,49600
31 Dec 1998,mean year ended,free,49200
31 Mar 1999,mean year ended,free,48800
30 Jun 1999,mean year ended,free,48300
30 Sep 1999,mean year ended,free,47900
31 Dec 1999,mean year ended,free,47400
31 Mar 2000,mean year ended,free,47000
30 Jun 2000,mean year ended,free,46600
30 Sep 2000,mean year ended,free,46100
31 Dec 2000,mean year ended,free,45700
31 Mar 2001,mean year ended,free,45300
30 Jun 2001,mean year ended,free,45100
30 Sep 2001,mean year ended,free,45200
31 Dec 2001,mean year ended,free,45700
31 Mar 2002,mean year ended,free,46600
30 Jun 2002,mean year ended,free,47500
30 Sep 2002,mean year ended,free,48500
31 Dec 2002,mean year ended,free,49500
31 Mar 2003,mean year ended,free,50500
30 Jun 2003,mean year ended,free,51600
30 Sep 2003,mean year ended,free,52600
31 Dec 2003,mean year ended,free,53700
31 Mar 2004,mean year ended,free,54800
30 Jun 2004,mean year ended,free,55900
30 Sep 2004,mean year ended,free,57000
31 Dec 2004,mean year ended,free,58200
31 Mar 2005,mean year ended,free,59300
30 Jun 2005,mean year ended,free,60500
30 Sep 2005,mean year ended,free,61700
31 Dec 2005,mean year ended,free,62800
31 Mar 2006,mean year ended,free,63900
30 Jun 2006,mean year ended,free,64800
30 Sep 2006,mean year ended,free,65500
31 Dec 2006,mean year ended,free,65800
31 Mar 2007,mean year ended,free,65800
30 Jun 2007,mean year ended,free,65700
30 Sep 2007,mean year ended,free,65600
31 Dec 2007,mean year ended,free,65500
31 Mar 2008,mean year ended,free,65400
30 Jun 2008,mean year ended,free,65300
30 Sep 2008,mean year ended,free,65200
31 Dec 2008,mean year ended,free,65100
31 Mar 2009,mean year ended,free,65000
30 Jun 2009,mean year ended,free,64800
30 Sep 2009,mean year ended,free,64700
31 Dec 2009,mean year ended,free,64500
31 Mar 2010,mean year ended,free,64300
30 Jun 2010,mean year ended,free,64100
30 Sep 2010,mean year ended,free,63900
31 Dec 2010,mean year ended,free,63700
31 Mar 2011,mean year ended,free,63500
30 Jun 2011,mean year ended,free,63300
30 Sep 2011,mean year ended,free,63100
31 Dec 2011,mean year ended,free,62900
31 Mar 2012,mean year ended,free,62700
30 Jun 2012,mean year ended,free,62500
30 Sep 2012,mean year ended,free,62300
31 Dec 2012,mean year ended,free,62100
31 Mar 2013,mean year ended,free,61900
30 Jun 2013,mean year ended,free,61100
30 Sep 2013,mean year ended,free,59800
31 Dec 2013,mean year ended,free,58500
31 Mar 2014,mean year ended,free,57300
30 Jun 2014,mean year ended,free,56900
30 Sep 2014,mean year ended,free,57000
31 Dec 2014,mean year ended,free,57300
31 Mar 2015,mean year ended,free,57500
30 Jun 2015,mean year ended,free,57700
30 Sep 2015,mean year ended,free,57900
31 Dec 2015,mean year ended,free,58200
31 Mar 2016,mean year ended,free,58400
30 Jun 2016,mean year ended,free,58700
30 Sep 2016,mean year ended,free,58900
31 Dec 2016,mean year ended,free,59200
31 Mar 2017,mean year ended,free,59500
30 Jun 2017,mean year ended,free,59700
30 Sep 2017,mean year ended,free,60000
31 Dec 2017,mean year ended,free,60300
31 Mar 2018,mean year ended,free,60600
30 Jun 2018,mean year ended,free,60900
30 Sep 2018,mean year ended,free,61200
31 Dec 2018,mean year ended,free,61500
31 Mar 2019,mean year ended,free,61700
30 Jun 2019,mean year ended,free,62000
30 Sep 2019,mean year ended,free,62200
31 Dec 2019,mean year ended,free,62500
31 Mar 2020,mean year ended,free,62800
30 Jun 2020,mean year ended,free,63000
30 Sep 2020,mean year ended,free,63300
31 Dec 2020,mean year ended,free,63600
31 Mar 2021,mean year ended,free,63900
30 Jun 2021,mean year ended,free,64200
30 Sep 2021,mean year ended,free,64500
31 Dec 2021,mean year ended,free,64800
30 Jun 1991,mean quarter ended,total,NA
30 Sep 1991,mean quarter ended,total,1254400
31 Dec 1991,mean quarter ended,total,1258100
31 Mar 1992,mean quarter ended,total,1262000
30 Jun 1992,mean quarter ended,total,1266100
30 Sep 1992,mean quarter ended,total,1270000
31 Dec 1992,mean quarter ended,total,1273800
31 Mar 1993,mean quarter ended,total,1277700
30 Jun 1993,mean quarter ended,total,1281800
30 Sep 1993,mean quarter ended,total,1285900
31 Dec 1993,mean quarter ended,total,1289900
31 Mar 1994,mean quarter ended,total,1294100
30 Jun 1994,mean quarter ended,total,1298600
30 Sep 1994,mean quarter ended,total,1302900
31 Dec 1994,mean quarter ended,total,1307600
31 Mar 1995,mean quarter ended,total,1312800
30 Jun 1995,mean quarter ended,total,1318500
30 Sep 1995,mean quarter ended,total,1323800
31 Dec 1995,mean quarter ended,total,1328500
31 Mar 1996,mean quarter ended,total,1333000
30 Jun 1996,mean quarter ended,total,1337700
30 Sep 1996,mean quarter ended,total,1342300
31 Dec 1996,mean quarter ended,total,1346600
31 Mar 1997,mean quarter ended,total,1350800
30 Jun 1997,mean quarter ended,total,1354900
30 Sep 1997,mean quarter ended,total,1359000
31 Dec 1997,mean quarter ended,total,1363200
31 Mar 1998,mean quarter ended,total,1368100
30 Jun 1998,mean quarter ended,total,1373200
30 Sep 1998,mean quarter ended,total,1377700
31 Dec 1998,mean quarter ended,total,1381600
31 Mar 1999,mean quarter ended,total,1385200
30 Jun 1999,mean quarter ended,total,1388900
30 Sep 1999,mean quarter ended,total,1393000
31 Dec 1999,mean quarter ended,total,1397600
31 Mar 2000,mean quarter ended,total,1402900
30 Jun 2000,mean quarter ended,total,1408000
30 Sep 2000,mean quarter ended,total,1412300
31 Dec 2000,mean quarter ended,total,1416100
31 Mar 2001,mean quarter ended,total,1419900
30 Jun 2001,mean quarter ended,total,1423500
30 Sep 2001,mean quarter ended,total,1427300
31 Dec 2001,mean quarter ended,total,1431800
31 Mar 2002,mean quarter ended,total,1436800
30 Jun 2002,mean quarter ended,total,1441900
30 Sep 2002,mean quarter ended,total,1447000
31 Dec 2002,mean quarter ended,total,1452500
31 Mar 2003,mean quarter ended,total,1458900
30 Jun 2003,mean quarter ended,total,1466300
30 Sep 2003,mean quarter ended,total,1473200
31 Dec 2003,mean quarter ended,total,1479500
31 Mar 2004,mean quarter ended,total,1486800
30 Jun 2004,mean quarter ended,total,1494600
30 Sep 2004,mean quarter ended,total,1502300
31 Dec 2004,mean quarter ended,total,1510200
31 Mar 2005,mean quarter ended,total,1517500
30 Jun 2005,mean quarter ended,total,1524400
30 Sep 2005,mean quarter ended,total,1531400
31 Dec 2005,mean quarter ended,total,1537400
31 Mar 2006,mean quarter ended,total,1543200
30 Jun 2006,mean quarter ended,total,1549500
30 Sep 2006,mean quarter ended,total,1555000
31 Dec 2006,mean quarter ended,total,1559500
31 Mar 2007,mean quarter ended,total,1564300
30 Jun 2007,mean quarter ended,total,1569200
30 Sep 2007,mean quarter ended,total,1573900
31 Dec 2007,mean quarter ended,total,1578700
31 Mar 2008,mean quarter ended,total,1583600
30 Jun 2008,mean quarter ended,total,1588200
30 Sep 2008,mean quarter ended,total,1592300
31 Dec 2008,mean quarter ended,total,1596200
31 Mar 2009,mean quarter ended,total,1599800
30 Jun 2009,mean quarter ended,total,1602700
30 Sep 2009,mean quarter ended,total,1605100
31 Dec 2009,mean quarter ended,total,1607400
31 Mar 2010,mean quarter ended,total,1610000
30 Jun 2010,mean quarter ended,total,1613000
30 Sep 2010,mean quarter ended,total,1616000
31 Dec 2010,mean quarter ended,total,1618900
31 Mar 2011,mean quarter ended,total,1621900
30 Jun 2011,mean quarter ended,total,1624700
30 Sep 2011,mean quarter ended,total,1627100
31 Dec 2011,mean quarter ended,total,1629300
31 Mar 2012,mean quarter ended,total,1631800
30 Jun 2012,mean quarter ended,total,1634700
30 Sep 2012,mean quarter ended,total,1637500
31 Dec 2012,mean quarter ended,total,1640300
31 Mar 2013,mean quarter ended,total,1643400
30 Jun 2013,mean quarter ended,total,1646700
30 Sep 2013,mean quarter ended,total,1651100
31 Dec 2013,mean quarter ended,total,1656100
31 Mar 2014,mean quarter ended,total,1661500
30 Jun 2014,mean quarter ended,total,1667500
30 Sep 2014,mean quarter ended,total,1674000
31 Dec 2014,mean quarter ended,total,1680500
31 Mar 2015,mean quarter ended,total,1687000
30 Jun 2015,mean quarter ended,total,1694000
30 Sep 2015,mean quarter ended,total,1701300
31 Dec 2015,mean quarter ended,total,1708300
31 Mar 2016,mean quarter ended,total,1715000
30 Jun 2016,mean quarter ended,total,1722700
30 Sep 2016,mean quarter ended,total,1731100
31 Dec 2016,mean quarter ended,total,1739000
31 Mar 2017,mean quarter ended,total,1746800
30 Jun 2017,mean quarter ended,total,1755700
30 Sep 2017,mean quarter ended,total,1764600
31 Dec 2017,mean quarter ended,total,1772900
31 Mar 2018,mean quarter ended,total,1780900
30 Jun 2018,mean quarter ended,total,1789900
30 Sep 2018,mean quarter ended,total,1798300
31 Dec 2018,mean quarter ended,total,1805100
31 Mar 2019,mean quarter ended,total,1812300
30 Jun 2019,mean quarter ended,total,1820000
30 Sep 2019,mean quarter ended,total,1827400
31 Dec 2019,mean quarter ended,total,1835000
31 Mar 2020,mean quarter ended,total,1843000
30 Jun 2020,mean quarter ended,total,1851600
30 Sep 2020,mean quarter ended,total,1860300
31 Dec 2020,mean quarter ended,total,1868400
31 Mar 2021,mean quarter ended,total,1876400
30 Jun 2021,mean quarter ended,total,1885000
30 Sep 2021,mean quarter ended,total,1894500
31 Dec 2021,mean quarter ended,total,1904100
30 Jun 1991,mean quarter ended,owner_occupied,NA
30 Sep 1991,mean quarter ended,owner_occupied,922400
31 Dec 1991,mean quarter ended,owner_occupied,923200
31 Mar 1992,mean quarter ended,owner_occupied,924000
30 Jun 1992,mean quarter ended,owner_occupied,925100
30 Sep 1992,mean quarter ended,owner_occupied,925900
31 Dec 1992,mean quarter ended,owner_occupied,926700
31 Mar 1993,mean quarter ended,owner_occupied,927500
30 Jun 1993,mean quarter ended,owner_occupied,928500
30 Sep 1993,mean quarter ended,owner_occupied,929500
31 Dec 1993,mean quarter ended,owner_occupied,930300
31 Mar 1994,mean quarter ended,owner_occupied,931300
30 Jun 1994,mean quarter ended,owner_occupied,932500
30 Sep 1994,mean quarter ended,owner_occupied,933600
31 Dec 1994,mean quarter ended,owner_occupied,934900
31 Mar 1995,mean quarter ended,owner_occupied,936600
30 Jun 1995,mean quarter ended,owner_occupied,938600
30 Sep 1995,mean quarter ended,owner_occupied,940300
31 Dec 1995,mean quarter ended,owner_occupied,941500
31 Mar 1996,mean quarter ended,owner_occupied,942700
30 Jun 1996,mean quarter ended,owner_occupied,944000
30 Sep 1996,mean quarter ended,owner_occupied,945300
31 Dec 1996,mean quarter ended,owner_occupied,946400
31 Mar 1997,mean quarter ended,owner_occupied,947400
30 Jun 1997,mean quarter ended,owner_occupied,948400
30 Sep 1997,mean quarter ended,owner_occupied,949300
31 Dec 1997,mean quarter ended,owner_occupied,950300
31 Mar 1998,mean quarter ended,owner_occupied,951800
30 Jun 1998,mean quarter ended,owner_occupied,953300
30 Sep 1998,mean quarter ended,owner_occupied,954500
31 Dec 1998,mean quarter ended,owner_occupied,955200
31 Mar 1999,mean quarter ended,owner_occupied,955700
30 Jun 1999,mean quarter ended,owner_occupied,956300
30 Sep 1999,mean quarter ended,owner_occupied,957100
31 Dec 1999,mean quarter ended,owner_occupied,958300
31 Mar 2000,mean quarter ended,owner_occupied,959900
30 Jun 2000,mean quarter ended,owner_occupied,961400
30 Sep 2000,mean quarter ended,owner_occupied,962300
31 Dec 2000,mean quarter ended,owner_occupied,962800
31 Mar 2001,mean quarter ended,owner_occupied,963600
30 Jun 2001,mean quarter ended,owner_occupied,964900
30 Sep 2001,mean quarter ended,owner_occupied,966800
31 Dec 2001,mean quarter ended,owner_occupied,969100
31 Mar 2002,mean quarter ended,owner_occupied,971800
30 Jun 2002,mean quarter ended,owner_occupied,974600
30 Sep 2002,mean quarter ended,owner_occupied,977300
31 Dec 2002,mean quarter ended,owner_occupied,980300
31 Mar 2003,mean quarter ended,owner_occupied,984000
30 Jun 2003,mean quarter ended,owner_occupied,988200
30 Sep 2003,mean quarter ended,owner_occupied,992200
31 Dec 2003,mean quarter ended,owner_occupied,995800
31 Mar 2004,mean quarter ended,owner_occupied,999900
30 Jun 2004,mean quarter ended,owner_occupied,1004500
30 Sep 2004,mean quarter ended,owner_occupied,1008900
31 Dec 2004,mean quarter ended,owner_occupied,1013500
31 Mar 2005,mean quarter ended,owner_occupied,1017700
30 Jun 2005,mean quarter ended,owner_occupied,1021600
30 Sep 2005,mean quarter ended,owner_occupied,1025500
31 Dec 2005,mean quarter ended,owner_occupied,1028800
31 Mar 2006,mean quarter ended,owner_occupied,1032100
30 Jun 2006,mean quarter ended,owner_occupied,1035200
30 Sep 2006,mean quarter ended,owner_occupied,1037600
31 Dec 2006,mean quarter ended,owner_occupied,1039400
31 Mar 2007,mean quarter ended,owner_occupied,1041400
30 Jun 2007,mean quarter ended,owner_occupied,1043600
30 Sep 2007,mean quarter ended,owner_occupied,1045500
31 Dec 2007,mean quarter ended,owner_occupied,1047500
31 Mar 2008,mean quarter ended,owner_occupied,1049500
30 Jun 2008,mean quarter ended,owner_occupied,1051400
30 Sep 2008,mean quarter ended,owner_occupied,1052900
31 Dec 2008,mean quarter ended,owner_occupied,1054300
31 Mar 2009,mean quarter ended,owner_occupied,1055400
30 Jun 2009,mean quarter ended,owner_occupied,1056100
30 Sep 2009,mean quarter ended,owner_occupied,1056500
31 Dec 2009,mean quarter ended,owner_occupied,1056800
31 Mar 2010,mean quarter ended,owner_occupied,1057300
30 Jun 2010,mean quarter ended,owner_occupied,1058100
30 Sep 2010,mean quarter ended,owner_occupied,1058800
31 Dec 2010,mean quarter ended,owner_occupied,1059500
31 Mar 2011,mean quarter ended,owner_occupied,1060300
30 Jun 2011,mean quarter ended,owner_occupied,1060900
30 Sep 2011,mean quarter ended,owner_occupied,1061200
31 Dec 2011,mean quarter ended,owner_occupied,1061400
31 Mar 2012,mean quarter ended,owner_occupied,1061800
30 Jun 2012,mean quarter ended,owner_occupied,1062400
30 Sep 2012,mean quarter ended,owner_occupied,1063000
31 Dec 2012,mean quarter ended,owner_occupied,1063600
31 Mar 2013,mean quarter ended,owner_occupied,1064300
30 Jun 2013,mean quarter ended,owner_occupied,1064300
30 Sep 2013,mean quarter ended,owner_occupied,1065600
31 Dec 2013,mean quarter ended,owner_occupied,1068900
31 Mar 2014,mean quarter ended,owner_occupied,1072400
30 Jun 2014,mean quarter ended,owner_occupied,1076200
30 Sep 2014,mean quarter ended,owner_occupied,1080500
31 Dec 2014,mean quarter ended,owner_occupied,1084600
31 Mar 2015,mean quarter ended,owner_occupied,1088800
30 Jun 2015,mean quarter ended,owner_occupied,1093300
30 Sep 2015,mean quarter ended,owner_occupied,1098100
31 Dec 2015,mean quarter ended,owner_occupied,1102600
31 Mar 2016,mean quarter ended,owner_occupied,1106900
30 Jun 2016,mean quarter ended,owner_occupied,1111900
30 Sep 2016,mean quarter ended,owner_occupied,1117300
31 Dec 2016,mean quarter ended,owner_occupied,1122400
31 Mar 2017,mean quarter ended,owner_occupied,1127400
30 Jun 2017,mean quarter ended,owner_occupied,1133200
30 Sep 2017,mean quarter ended,owner_occupied,1138900
31 Dec 2017,mean quarter ended,owner_occupied,1144300
31 Mar 2018,mean quarter ended,owner_occupied,1149500
30 Jun 2018,mean quarter ended,owner_occupied,1155300
30 Sep 2018,mean quarter ended,owner_occupied,1160700
31 Dec 2018,mean quarter ended,owner_occupied,1165100
31 Mar 2019,mean quarter ended,owner_occupied,1169700
30 Jun 2019,mean quarter ended,owner_occupied,1174600
30 Sep 2019,mean quarter ended,owner_occupied,1179500
31 Dec 2019,mean quarter ended,owner_occupied,1184400
31 Mar 2020,mean quarter ended,owner_occupied,1189500
30 Jun 2020,mean quarter ended,owner_occupied,1195000
30 Sep 2020,mean quarter ended,owner_occupied,1200700
31 Dec 2020,mean quarter ended,owner_occupied,1205900
31 Mar 2021,mean quarter ended,owner_occupied,1211100
30 Jun 2021,mean quarter ended,owner_occupied,1216600
30 Sep 2021,mean quarter ended,owner_occupied,1222800
31 Dec 2021,mean quarter ended,owner_occupied,1229000
30 Jun 1991,mean quarter ended,rented,NA
30 Sep 1991,mean quarter ended,rented,289900
31 Dec 1991,mean quarter ended,rented,292300
31 Mar 1992,mean quarter ended,rented,294800
30 Jun 1992,mean quarter ended,rented,297300
30 Sep 1992,mean quarter ended,rented,299800
31 Dec 1992,mean quarter ended,rented,302300
31 Mar 1993,mean quarter ended,rented,304700
30 Jun 1993,mean quarter ended,rented,307300
30 Sep 1993,mean quarter ended,rented,309900
31 Dec 1993,mean quarter ended,rented,312400
31 Mar 1994,mean quarter ended,rented,315000
30 Jun 1994,mean quarter ended,rented,317700
30 Sep 1994,mean quarter ended,rented,320400
31 Dec 1994,mean quarter ended,rented,323100
31 Mar 1995,mean quarter ended,rented,326000
30 Jun 1995,mean quarter ended,rented,329000
30 Sep 1995,mean quarter ended,rented,332000
31 Dec 1995,mean quarter ended,rented,334800
31 Mar 1996,mean quarter ended,rented,337700
30 Jun 1996,mean quarter ended,rented,341100
30 Sep 1996,mean quarter ended,rented,344700
31 Dec 1996,mean quarter ended,rented,348300
31 Mar 1997,mean quarter ended,rented,351900
30 Jun 1997,mean quarter ended,rented,355500
30 Sep 1997,mean quarter ended,rented,359100
31 Dec 1997,mean quarter ended,rented,362700
31 Mar 1998,mean quarter ended,rented,366600
30 Jun 1998,mean quarter ended,rented,370400
30 Sep 1998,mean quarter ended,rented,374200
31 Dec 1998,mean quarter ended,rented,377900
31 Mar 1999,mean quarter ended,rented,381400
30 Jun 1999,mean quarter ended,rented,385000
30 Sep 1999,mean quarter ended,rented,388700
31 Dec 1999,mean quarter ended,rented,392600
31 Mar 2000,mean quarter ended,rented,396700
30 Jun 2000,mean quarter ended,rented,400700
30 Sep 2000,mean quarter ended,rented,404500
31 Dec 2000,mean quarter ended,rented,408300
31 Mar 2001,mean quarter ended,rented,411600
30 Jun 2001,mean quarter ended,rented,413500
30 Sep 2001,mean quarter ended,rented,414500
31 Dec 2001,mean quarter ended,rented,415700
31 Mar 2002,mean quarter ended,rented,417000
30 Jun 2002,mean quarter ended,rented,418300
30 Sep 2002,mean quarter ended,rented,419700
31 Dec 2002,mean quarter ended,rented,421100
31 Mar 2003,mean quarter ended,rented,422900
30 Jun 2003,mean quarter ended,rented,424900
30 Sep 2003,mean quarter ended,rented,426700
31 Dec 2003,mean quarter ended,rented,428400
31 Mar 2004,mean quarter ended,rented,430400
30 Jun 2004,mean quarter ended,rented,432500
30 Sep 2004,mean quarter ended,rented,434600
31 Dec 2004,mean quarter ended,rented,436800
31 Mar 2005,mean quarter ended,rented,438700
30 Jun 2005,mean quarter ended,rented,440600
30 Sep 2005,mean quarter ended,rented,442500
31 Dec 2005,mean quarter ended,rented,444100
31 Mar 2006,mean quarter ended,rented,445600
30 Jun 2006,mean quarter ended,rented,448300
30 Sep 2006,mean quarter ended,rented,451500
31 Dec 2006,mean quarter ended,rented,454300
31 Mar 2007,mean quarter ended,rented,457200
30 Jun 2007,mean quarter ended,rented,460100
30 Sep 2007,mean quarter ended,rented,463000
31 Dec 2007,mean quarter ended,rented,465800
31 Mar 2008,mean quarter ended,rented,468800
30 Jun 2008,mean quarter ended,rented,471600
30 Sep 2008,mean quarter ended,rented,474400
31 Dec 2008,mean quarter ended,rented,477000
31 Mar 2009,mean quarter ended,rented,479600
30 Jun 2009,mean quarter ended,rented,482000
30 Sep 2009,mean quarter ended,rented,484200
31 Dec 2009,mean quarter ended,rented,486400
31 Mar 2010,mean quarter ended,rented,488700
30 Jun 2010,mean quarter ended,rented,491100
30 Sep 2010,mean quarter ended,rented,493600
31 Dec 2010,mean quarter ended,rented,496000
31 Mar 2011,mean quarter ended,rented,498400
30 Jun 2011,mean quarter ended,rented,500800
30 Sep 2011,mean quarter ended,rented,503100
31 Dec 2011,mean quarter ended,rented,505300
31 Mar 2012,mean quarter ended,rented,507600
30 Jun 2012,mean quarter ended,rented,510000
30 Sep 2012,mean quarter ended,rented,512400
31 Dec 2012,mean quarter ended,rented,514900
31 Mar 2013,mean quarter ended,rented,517400
30 Jun 2013,mean quarter ended,rented,523400
30 Sep 2013,mean quarter ended,rented,528800
31 Dec 2013,mean quarter ended,rented,530500
31 Mar 2014,mean quarter ended,rented,532200
30 Jun 2014,mean quarter ended,rented,534100
30 Sep 2014,mean quarter ended,rented,536200
31 Dec 2014,mean quarter ended,rented,538300
31 Mar 2015,mean quarter ended,rented,540300
30 Jun 2015,mean quarter ended,rented,542600
30 Sep 2015,mean quarter ended,rented,544900
31 Dec 2015,mean quarter ended,rented,547200
31 Mar 2016,mean quarter ended,rented,549300
30 Jun 2016,mean quarter ended,rented,551800
30 Sep 2016,mean quarter ended,rented,554500
31 Dec 2016,mean quarter ended,rented,557000
31 Mar 2017,mean quarter ended,rented,559500
30 Jun 2017,mean quarter ended,rented,562300
30 Sep 2017,mean quarter ended,rented,565200
31 Dec 2017,mean quarter ended,rented,567900
31 Mar 2018,mean quarter ended,rented,570400
30 Jun 2018,mean quarter ended,rented,573300
30 Sep 2018,mean quarter ended,rented,576000
31 Dec 2018,mean quarter ended,rented,578200
31 Mar 2019,mean quarter ended,rented,580500
30 Jun 2019,mean quarter ended,rented,582900
30 Sep 2019,mean quarter ended,rented,585300
31 Dec 2019,mean quarter ended,rented,587800
31 Mar 2020,mean quarter ended,rented,590300
30 Jun 2020,mean quarter ended,rented,593100
30 Sep 2020,mean quarter ended,rented,595900
31 Dec 2020,mean quarter ended,rented,598500
31 Mar 2021,mean quarter ended,rented,601000
30 Jun 2021,mean quarter ended,rented,603800
30 Sep 2021,mean quarter ended,rented,606800
31 Dec 2021,mean quarter ended,rented,609900
30 Jun 1991,mean quarter ended,free,NA
30 Sep 1991,mean quarter ended,free,42100
31 Dec 1991,mean quarter ended,free,42600
31 Mar 1992,mean quarter ended,free,43200
30 Jun 1992,mean quarter ended,free,43700
30 Sep 1992,mean quarter ended,free,44300
31 Dec 1992,mean quarter ended,free,44900
31 Mar 1993,mean quarter ended,free,45400
30 Jun 1993,mean quarter ended,free,46000
30 Sep 1993,mean quarter ended,free,46600
31 Dec 1993,mean quarter ended,free,47200
31 Mar 1994,mean quarter ended,free,47800
30 Jun 1994,mean quarter ended,free,48400
30 Sep 1994,mean quarter ended,free,49000
31 Dec 1994,mean quarter ended,free,49600
31 Mar 1995,mean quarter ended,free,50200
30 Jun 1995,mean quarter ended,free,50900
30 Sep 1995,mean quarter ended,free,51500
31 Dec 1995,mean quarter ended,free,52200
31 Mar 1996,mean quarter ended,free,52600
30 Jun 1996,mean quarter ended,free,52600
30 Sep 1996,mean quarter ended,free,52200
31 Dec 1996,mean quarter ended,free,51800
31 Mar 1997,mean quarter ended,free,51400
30 Jun 1997,mean quarter ended,free,51000
30 Sep 1997,mean quarter ended,free,50600
31 Dec 1997,mean quarter ended,free,50200
31 Mar 1998,mean quarter ended,free,49800
30 Jun 1998,mean quarter ended,free,49400
30 Sep 1998,mean quarter ended,free,49000
31 Dec 1998,mean quarter ended,free,48500
31 Mar 1999,mean quarter ended,free,48100
30 Jun 1999,mean quarter ended,free,47600
30 Sep 1999,mean quarter ended,free,47200
31 Dec 1999,mean quarter ended,free,46800
31 Mar 2000,mean quarter ended,free,46300
30 Jun 2000,mean quarter ended,free,45900
30 Sep 2000,mean quarter ended,free,45500
31 Dec 2000,mean quarter ended,free,45000
31 Mar 2001,mean quarter ended,free,44700
30 Jun 2001,mean quarter ended,free,45100
30 Sep 2001,mean quarter ended,free,46100
31 Dec 2001,mean quarter ended,free,47000
31 Mar 2002,mean quarter ended,free,48000
30 Jun 2002,mean quarter ended,free,49000
30 Sep 2002,mean quarter ended,free,50000
31 Dec 2002,mean quarter ended,free,51000
31 Mar 2003,mean quarter ended,free,52100
30 Jun 2003,mean quarter ended,free,53200
30 Sep 2003,mean quarter ended,free,54300
31 Dec 2003,mean quarter ended,free,55300
31 Mar 2004,mean quarter ended,free,56500
30 Jun 2004,mean quarter ended,free,57600
30 Sep 2004,mean quarter ended,free,58800
31 Dec 2004,mean quarter ended,free,59900
31 Mar 2005,mean quarter ended,free,61100
30 Jun 2005,mean quarter ended,free,62200
30 Sep 2005,mean quarter ended,free,63400
31 Dec 2005,mean quarter ended,free,64500
31 Mar 2006,mean quarter ended,free,65500
30 Jun 2006,mean quarter ended,free,65900
30 Sep 2006,mean quarter ended,free,65800
31 Dec 2006,mean quarter ended,free,65700
31 Mar 2007,mean quarter ended,free,65600
30 Jun 2007,mean quarter ended,free,65600
30 Sep 2007,mean quarter ended,free,65500
31 Dec 2007,mean quarter ended,free,65400
31 Mar 2008,mean quarter ended,free,65300
30 Jun 2008,mean quarter ended,free,65200
30 Sep 2008,mean quarter ended,free,65000
31 Dec 2008,mean quarter ended,free,64900
31 Mar 2009,mean quarter ended,free,64800
30 Jun 2009,mean quarter ended,free,64600
30 Sep 2009,mean quarter ended,free,64400
31 Dec 2009,mean quarter ended,free,64200
31 Mar 2010,mean quarter ended,free,64000
30 Jun 2010,mean quarter ended,free,63800
30 Sep 2010,mean quarter ended,free,63600
31 Dec 2010,mean quarter ended,free,63400
31 Mar 2011,mean quarter ended,free,63200
30 Jun 2011,mean quarter ended,free,63000
30 Sep 2011,mean quarter ended,free,62800
31 Dec 2011,mean quarter ended,free,62600
31 Mar 2012,mean quarter ended,free,62400
30 Jun 2012,mean quarter ended,free,62200
30 Sep 2012,mean quarter ended,free,62000
31 Dec 2012,mean quarter ended,free,61800
31 Mar 2013,mean quarter ended,free,61700
30 Jun 2013,mean quarter ended,free,59100
30 Sep 2013,mean quarter ended,free,56600
31 Dec 2013,mean quarter ended,free,56800
31 Mar 2014,mean quarter ended,free,56900
30 Jun 2014,mean quarter ended,free,57100
30 Sep 2014,mean quarter ended,free,57400
31 Dec 2014,mean quarter ended,free,57600
31 Mar 2015,mean quarter ended,free,57800
30 Jun 2015,mean quarter ended,free,58000
30 Sep 2015,mean quarter ended,free,58300
31 Dec 2015,mean quarter ended,free,58500
31 Mar 2016,mean quarter ended,free,58800
30 Jun 2016,mean quarter ended,free,59000
30 Sep 2016,mean quarter ended,free,59300
31 Dec 2016,mean quarter ended,free,59600
31 Mar 2017,mean quarter ended,free,59900
30 Jun 2017,mean quarter ended,free,60200
30 Sep 2017,mean quarter ended,free,60500
31 Dec 2017,mean quarter ended,free,60800
31 Mar 2018,mean quarter ended,free,61000
30 Jun 2018,mean quarter ended,free,61300
30 Sep 2018,mean quarter ended,free,61600
31 Dec 2018,mean quarter ended,free,61900
31 Mar 2019,mean quarter ended,free,62100
30 Jun 2019,mean quarter ended,free,62400
30 Sep 2019,mean quarter ended,free,62600
31 Dec 2019,mean quarter ended,free,62900
31 Mar 2020,mean quarter ended,free,63200
30 Jun 2020,mean quarter ended,free,63400
30 Sep 2020,mean quarter ended,free,63700
31 Dec 2020,mean quarter ended,free,64000
31 Mar 2021,mean quarter ended,free,64300
30 Jun 2021,mean quarter ended,free,64600
30 Sep 2021,mean quarter ended,free,64900
31 Dec 2021,mean quarter ended,free,65200
